WaypointID;PosXYZ;Connections
0;[ 234.06590271 -392.24945068 -104.96875   ];[]
1;[ 255.7258606  -360.46923828 -104.0438385 ];[]
2;[ 282.38879395 -308.31298828 -101.40409851];[]
3;[ 290.58349609 -290.58413696 -100.12069702];[]
4;[ 314.40493774 -237.05180359  -97.96875   ];[]
5;[ 325.33551025 -211.98782349  -98.9826355 ];[]
